NAME,Thukaram Amruth Pai,
NETID,AXT230147,
-------------------------------- 
1,0.07510265,
2,0.4111404,
3,0.7377303,
4,58.76665,
5,95.92485,
6,67.54421,
7,45,
8,4.743416,
9,0.06878242,
10,0.6240852,
11,0.8286091,
12,1.568563,
13,10.03144,
14,13.16856,
15,0.03037269,
16,0.05503259,
17,0.1249674,
18,0.2350326,
19,99.54444,
20,19.9322,
21, 0.317418 
