NAME,Amruth Pai Thukaram,
NETID,AXT230147,
-------------------------------- 
1,201,
2,600,
3,619.2537,
4,278.4459,
5,0.5347667,
6,10,
7,12,
8,163,
9,21783,
10,1530,
11,62.36186,
12,1176.146,
13,22,
